Silhouette Score,Davies-Bouldin Index,Inertia (WCSS)
0.04331924676437556,3.7020477622587045,367.1330907152437
